Word,Count,Sense,Definition,Example 1,Example 2
abate,5,,become less in amount or intensity,The storm abated,The rain let up after a few hours
abhor,5,,find repugnant,I loathe that man,She abhors cats
abort,5,,terminate before completion,abort the mission,abort the process running on my computer
abuse,5,,use wrongly or improperly or excessively,Her husband often abuses alcohol,"while she was pregnant, she abused drugs"
abuse,5,,use foul or abusive language towards,The actress abused the policeman who gave her a parking ticket,The angry mother shouted at the teacher
admit,5,,declare to be true or admit the existence or reality or truth of,He admitted his errors,She acknowledged that she might have forgotten
admit,5,,allow participation in or the right to be part of,"permit to exercise the rights, functions, and responsibilities of",admit someone to the profession
admit,5,allow in,allow to enter,grant entry to,We cannot admit non-members into our club building
admit,5,allow |,afford possibility,This problem admits of no solution,This short story allows of several different interpretations
admix,5,,,mix or blend,Hyaline casts were admixed with neutrophils
adopt,5,follow,choose and follow,"as of theories, ideas, policies, strategies or plans",She followed the feminist movement
agree,5,,"consent or assent to a condition, or agree to do something",She agreed to all my conditions,He agreed to leave her alone
agree,5,,be in accord,be in agreement,We agreed on the terms of the settlement
agree,5,,,show grammatical agreement,Subjects and verbs must always agree in English
alarm,5,,warn or arouse to a sense of danger or call to a state of preparedness,The empty house alarmed him,We alerted the new neighbors to the high rate of burglaries
align,5,,place in a line or arrange so as to be parallel or straight,align the car with the curb,align the sheets of paper on the table
align,5,ordinate,bring (components or parts) into proper or desirable coordination correlation,align the wheels of my car,ordinate similar parts
allow,5,,allow or plan for a certain possibility,concede the truth or validity of something,I allow for this possibility
allow,5,appropriate,give or assign a resource to a particular person or cause,I will earmark this money for your research,She sets aside time for meditation every day
allow,5,permit | tolerate |,allow the presence of or allow (an activity) without opposing or prohibiting,We don't allow dogs here,Children are not permitted beyond this point
allow,5,,let have,grant permission,Mandela was allowed few visitors in prison
alloy,5,,,,c 06135149 n 0000 01 + 08 00 | make an alloy of
angle,5,,move or proceed at an angle,he angled his way into the room,
annoy,5,,cause annoyance in,"disturb, especially by minor irritations",Mosquitoes buzzing in my ear really bothers me
apply,5,,ask (for something),He applied for a leave of absence,She applied for college
apply,5,,refer (a word or name) to a person or thing,He applied this racial slur to me,
apply,5,,be pertinent or relevant or applicable,The same laws apply to you,This theory holds for all irrational numbers
argue,5,indicate |,give evidence of,The evidence argues for your claim,The results indicate the need for more work
arise,5,come up,originate or come into being,a question arose,
avoid,5,,stay clear from,keep away from,keep out of the way of someone or something
avoid,5,,refrain from doing something,She refrains from calling her therapist too often,He should avoid publishing his wife's memories
award,5,grant |,give as judged due or on the basis of merit,the referee awarded a free kick to the team,the jury awarded a million dollars to the plaintiff
baste,5,,,cover with liquid before cooking,baste a roast
bathe,5,,suffuse or envelope with something,The room was bathed in sunlight,I was bathed in a cold sweat
befit,5,,accord or comport with,This kind of behavior does not suit a young woman,
beget,5,,make (offspring) by reproduction,Abraham begot Isaac,John fathered four daughters
begin,5,lead off,"set in motion, cause to start",The U.S. started a war in the Middle East,The Iraqis began hostilities
begin,5,,begin to speak or say,"`Now listen, friends', he began",
begin,5,,"begin to speak, understand, read, and write a language",She began Russian at an early age,We started French in fourth grade
begin,5,,"achieve or accomplish in the least degree, usually used in the negative",This economic measure doesn't even begin to deal with the problem of inflation,You cannot even begin to understand the problem we had to deal with during the war
begin,5,start |,begin an event that is implied and limited by the nature or inherent function of the direct object,begin a cigar,She started the soup while it was still hot
begin,5,,"have a beginning, in a temporal, spatial, or evaluative sense",The DMZ begins right over the hill,The second movement begins after the Allegro
begin,5,start |,have a beginning characterized in some specified way,The novel begins with a murder,My property begins with the three maple trees
begin,5,,"have a beginning, of a temporal event",WW II began in  when Hitler marched into Poland,The company's Asia tour begins next month
begin,5,,"be the first item or point, constitute the beginning or start, come first in a series",The number `one' begins the sequence,A terrible murder begins the novel
bevel,5,,cut a bevel on,shape to a bevel,bevel the surface
blame,5,,attribute responsibility to,We blamed the accident on her,The tragedy was charged to her inexperience
blast,5,,apply a draft or strong wind to to,the air conditioning was blasting cold air at us,
blast,5,,make a strident sound,She tended to blast when speaking into a microphone,
bleed,5,leech,,draw blood,"In the old days, doctors routinely bled patients as part of the treatment"
bleed,5,,drain of liquid or steam,bleed the radiators,the mechanic bled the engine
blend,5,,combine into one,blend the nuts and raisins together,he blends in with the crowd
blend,5,,blend or harmonize,This flavor will blend with those in your dish,This sofa won't go with the chairs
blink,5,,briefly shut the eyes,The TV announcer never seems to blink,
block,5,,shape by using a block,Block a hat,block a garment
block,5,,"support, secure, or raise with a block",block a plate for printing,block the wheels of a car
block,5,,interrupt the normal function of by means of anesthesia,block a nerve,block a muscle
boost,5,,give a boost to,be beneficial to,The tax cut will boost the economy
botch,5,,"make a mess of, destroy or ruin",I botched the dinner and we had to eat out,the pianist screwed up the difficult passage in the second movement
braid,5,,,make by braiding or interlacing,lace a tablecloth
brake,5,,,cause to stop by applying the brakes,brake the car before you go into a curve
brake,5,,,stop travelling by applying a brake,We had to brake suddenly when a chicken crossed the road
bread,5,,,cover with bread crumbs,bread the pork chops before frying them
break,5,,crack,of the male voice in puberty,his voice is breaking--he should no longer sing in the choir
break,5,,become separated into pieces or fragments,The figurine broke,The freshly baked loaf fell apart
break,5,recrudesce | develop |,happen,Report the news as it develops,These political movements recrudesce from time to time
break,5,break off,prevent completion,stop the project,break off the negotiations
break,5,,come into being,light broke over the horizon,Voices broke in the air
break,5,,find a flaw in,break an alibi,break down a proof
break,5,get out,be released or become known,of news,News of her death broke in the morning
break,5,,go to pieces,The lawn mower finally broke,The gears wore out
break,5,,force out or release suddenly and often violently something pent up,break into tears,erupt in anger
break,5,break out,move away or escape suddenly,The horses broke from the stable,Three inmates broke jail
break,5,,cause the failure or ruin of,His peccadilloes finally broke his marriage,This play will either make or break the playwright
breed,5,,have young (animals) or reproduce (organisms),pandas rarely breed in captivity,
breed,5,,,"copulate with a female, used especially of horses",The horse covers the mare
bribe,5,,,make illegal payments to in exchange for favors or influence,This judge can be bought
bring,5,,go or come after and bring or take back,"Get me those books over there, please",Could you bring the wine?
bring,5,,cause to come into a particular state or condition,Long hard years of on the job training had brought them to their competence,bring water to the boiling point
bring,5,,cause to happen or to occur as a consequence,I cannot work a miracle,wreak havoc
bring,5,,take something or somebody with oneself somewhere,Bring me the box from the other room,Take these letters to the boss
brisk,5,,become brisk,business brisked up,
broil,5,,,cook under a broiler,broil fish
brood,5,,sit on (eggs),Birds brood,The female covers the eggs
brown,5,,,fry in a pan until it changes color,brown the meat in the pan
brush,5,,remove with or as if with a brush,brush away the crumbs,brush the dust from the jacket
brush,5,,sweep across or over,Her long skirt brushed the floor,A gasp swept cross the audience
build,5,,,improve the cleansing action of,build detergents
build,5,,"give form to, according to a plan",build a modern nation,build a million-dollar business
bulge,5,,bulge out,"form a bulge outward, or be so full as to appear to bulge",
canoe,5,,,travel by canoe,canoe along the canal
carol,5,,,sing carols,They went caroling on Christmas Day
carry,5,extend |,continue or extend,The civil war carried into the neighboring province,The disease extended into the remote mountain provinces
carry,5,convey | express |,serve as a means for expressing something,The painting of Mary carries motherly love,His voice carried a lot of anger
carry,5,,,cover a certain distance or advance beyond,The drive carried to the green
carry,5,,,be able to feed,This land will carry ten cows to the acre
carry,5,,drink alcohol without showing ill effects,He can hold his liquor,he had drunk more than he could carry
carry,5,,"bear or be able to bear the weight, pressure,or responsibility of",His efforts carried the entire project,How many credits is this student carrying?
carry,5,,,bear (a crop),this land does not carry olives
carry,5,,include as the content,broadcast or publicize,We ran the ad three times
carry,5,,extend to a certain degree,carry too far,She carries her ideas to the extreme
carry,5,persuade,win approval or support for,Carry all before one,His speech did not sway the voters
carry,5,pack,have with oneself,have on one's person,She always takes an umbrella
catch,5,,be struck or affected by,catch fire,catch the mood
catch,5,get |,grasp with the mind or develop an understanding of,did you catch that allusion?,We caught something of his theory in the lecture
catch,5,,"discover or come upon accidentally, suddenly, or unexpectedly",catch somebody doing something or in a certain state,She caught her son eating candy
catch,5,,,be the catcher,Who is catching?
catch,5,,take hold of so as to seize or restrain or stop the motion of,Catch the ball,Grab the elevator door!
catch,5,arrest | get,attract and fix,His look caught her,She caught his eye
catch,5,get |,suffer from the receipt of,She will catch hell for this behavior,
catch,5,pick up,"perceive with the senses quickly, suddenly, or momentarily",I caught the aroma of coffee,He caught the allusion in her glance
catch,5,,"get or regain something necessary, usually quickly or briefly",Catch some sleep,catch one's breath
cause,5,,give rise to,"cause to happen or occur, not always intentionally",cause a commotion
chant,5,,recite with musical intonation,recite as a chant or a psalm,The rabbi chanted a prayer
chase,5,,go after with the intent to catch,The policeman chased the mugger down the alley,the dog chased the rabbit
cheat,5,,deprive somebody of something by deceit,The con-man beat me out of,This salesman ripped us off!
cheat,5,chisel,engage in deceitful behavior,practice trickery or fraud,Who's chiseling on the side?
check,5,,"examine so as to determine accuracy, quality, or condition",check the brakes,Check out the engine
check,5,check off,put a check mark on or near or next to,Please check each name on the list,tick off the items
check,5,,,place into check,He checked my kings
check,5,turn back,"hold back, as of a danger or an enemy",check the expansion or influence of,Arrest the downward trend
check,5,,make an examination or investigation,check into the rumor,check the time of the class
check,5,check out |,be verified or confirmed,pass inspection,These stories don't check!
chime,5,,emit a sound,bells and gongs chimed,
choke,5,,"breathe with great difficulty, as when experiencing a strong emotion",She choked with emotion when she spoke about her deceased husband,
choke,5,,be too tight,rub or press,This neckband is choking the cat
chuck,5,,,u        throw away,Chuck these old notes
claim,5,take,take as an undesirable consequence of some event or state of affairs,the accident claimed three lives,The hard work took its toll on her
claim,5,,assert or affirm strongly,state to be true or existing,He claimed that he killed the burglar
claim,5,take |,lay claim to,as of an idea,She took credit for the whole idea
claim,5,,demand as being one's due or property,assert one's right or title to,He claimed his suitcases at the airline counter
clamp,5,,impose or inflict forcefully,The military government clamped a curfew onto the capital,
clash,5,,be incompatible,be or come into conflict,These colors clash
clean,5,,"make clean by removing dirt, filth, or unwanted substances from",Clean the stove,The dentist cleaned my teeth
clean,5,strip |,"remove all contents or possession from, or empty completely",The boys cleaned the sandwich platters,The trees were cleaned of apples by the storm
clear,5,,remove,clear the leaves from the lawn,Clear snow from the road
clear,5,,make free from confusion or ambiguity,make clear,Could you clarify these remarks?
clear,5,solve a,"settle, as of a debt",clear a debt,solve an old debt
clear,5,,,sell,We cleared a lot of the old model cars
cling,5,hang |,hold on tightly or tenaciously,hang on to your father's hands,The child clung to his mother's apron
cling,5,,come or be in close contact with,stick or hold together and resist separation,The dress clings to her body
close,5,,"complete a business deal, negotiation, or an agreement",We closed on the house on Friday,They closed the deal on the building
close,5,,move so that an opening or passage is obstructed,make shut,Close the door
close,5,,bar access to,"Due to the accident, the road had to be closed for several hours",
close,5,,be priced or listed when trading stops,The stock market closed high this Friday,My new stocks closed at $59 last night
cloud,5,,make less clear,the stroke clouded memories of her youth,
cloud,5,,make gloomy or depressed,Their faces were clouded with sadness,
clout,5,,"strike hard, especially with the fist",He clouted his attacker,
coach,5,,teach and supervise (someone),"act as a trainer or coach (to), as in sports",He is training our Olympic team
color,5,,add color to,The child colored the drawings,Fall colored the trees
cough,5,,"exhale abruptly, as when one has a chest cold or congestion",The smoker coughs all day,
count,5,bet,have faith or confidence in,you can count on me to help you any time,Look to your friends for support
count,5,,determine the number or amount of,Can you count the books on your shelf?,Count your change
count,5,,have weight,"have import, carry weight",It does not matter much
cover,5,treat,act on verbally or in some form of artistic expression,This book deals with incest,The course covered all of Western Civilization
cover,5,,,play a higher card than the one previously played,Smith covered again
cover,5,spread over,form a cover over,The grass covered the grave,
cover,5,,provide with a covering or cause to be covered,cover her face with a handkerchief,cover the child with a blanket
cover,5,continue | extend |,"span an interval of distance, space or time",The war extended over five years,The period covered the turn of the century
crack,5,,,break into simpler molecules by means of heat,The petroleum cracked
crack,5,check | break f,become fractured,break or crack on the surface only,The glass cracked when it was heated
crack,5,,hit forcefully,"deal a hard blow, making a cracking noise",The teacher cracked him across the face with a ruler
crack,5,,make a very sharp explosive sound,His gun cracked,
crack,5,,gain unauthorized access computers with malicious intentions,she cracked my password,crack a safe
crash,5,dash |,hurl or thrust violently,He dashed the plate against the wall,Waves were dashing against the rock
crash,5,,undergo damage or destruction on impact,the plane crashed into the ocean,The car crashed into the lamp post
crash,5,,cause to crash,The terrorists crashed the plane into the palace,Mother crashed the motorbike into the lamppost
crash,5,,fall or come down violently,The branch crashed down on my car,The plane crashed in the sea
crate,5,,put into a crate,as for protection,crate the paintings before shipping them to the museum
crawl,5,,move slowly,in the case of people or animals with the body near the ground,The crocodile was crawling along the riverbed
crawl,5,,,swim by doing the crawl,European children learn the breast stroke; they often don't know how to crawl
cream,5,bat,beat thoroughly and conclusively in a competition or fight,We licked the other team on Sunday,
cream,5,,,make creamy by beating,Cream the butter
crook,5,,bend or cause to bend,He crooked his index finger,the road curved sharply
cross,5,,to cover or extend over an area or time period,Rivers traverse the valley floor,The parking lot spans 3 acres
crown,5,,invest with regal power,enthrone,The prince was crowned in Westminster Abbey
crumb,5,,,coat with bread crumbs,crumb a cutlet
crush,5,,humiliate or depress completely,She was crushed by his refusal of her invitation,The death of her son smashed her
curry,5,,,season with a mixture of spices,typical of Indian cooking
curse,5,beshrew,wish harm upon,invoke evil upon,The bad witch cursed the child
cut d,5,,fell by sawing,hew,The Vietnamese cut a lot of timber while they occupied Cambodia
cut f,5,,,move (one's fist),his opponent cut upward toward his chin
dally,5,trifle | play |,consider not very seriously,He is trifling with her,She plays with the thought of moving to Tasmania
dance,5,,,move in a pattern,usually to musical accompaniment
dance,5,,"skip, leap, or move up and down or sideways",Dancing flames,The children danced with joy
debar,5,,prevent the occurrence of,prevent from happening,Let's avoid a confrontation
debut,5,,,appear for the first time in public,"The new ballet that debuts next months at Covent Garden, is already sold out"
debut,5,,,make one's debut,This young soprano debuts next month at the Metropolitan Opera
debut,5,,,present for the first time to the public,The band debuts a new song or two each month
delay,5,,cause to be slowed down or delayed,Traffic was delayed by the bad weather,she delayed the work that she didn't want to perform
delay,5,,"act later than planned, scheduled, or required",Don't delay your application to graduate school or else it won't be considered,
demur,5,,,enter a demurrer,
deter,5,discourage |,try to prevent,show opposition to,We should discourage this practice among our youth
devil,5,,,coat or stuff with a spicy paste,devilled eggs
ditch,5,,crash or crash-land,ditch a car,ditch a plane
doubt,5,,lack confidence in or have doubts about,I doubt these reports,I suspect her true motives
draft,5,,,draw up an outline or sketch for something,draft a speech
drain,5,,empty of liquid,drain the liquid from,We drained the oil tank
dream,5,,experience while sleeping,She claims to never dream,He dreamt a strange scene
dress,5,dress up |,dress in a certain manner,She dresses in the latest Paris fashion,he dressed up in a suit and tie
dress,5,groom | curry,give a neat appearance to,groom the dogs,dress the horses
dress,5,,put on clothes,we had to dress quickly,dress the patient
dress,5,clothe,provide with clothes or put clothes on,Parents must feed and dress their child,
dress,5,,,apply a bandage or medication to,dress the victim's wounds
dress,5,,,put a dressing on,dress the salads
drift,5,,be piled up in banks or heaps by the force of wind or a current,snow drifting several feet high,sand drifting like snow
drill,5,,learn by repetition,We drilled French verbs every day,Pianists practice scales
drink,5,,take in liquids,The patient must drink several liters each day,The children like to drink soda
drink,5,tope,drink excessive amounts of alcohol,be an alcoholic,The husband drinks and beats his wife
drive,5,,move into a desired direction of discourse,What are you driving at?,
drive,5,,,@           (hunting) chase from cover into more open ground,drive the game
drive,5,,,(hunting) search for game,drive the forest
drive,5,,cause to function by supplying the force or power for or by controlling,The amplifier drives the tube,steam drives the engines
drive,5,,,excavate horizontally,drive a tunnel
drive,5,,,"hit very hard, as by swinging a bat horizontally",drive a ball
drive,5,,,"strike with a driver, as in teeing off",drive a golf ball
drive,5,,,travel or be transported in a vehicle,We drove to the university every morning
drive,5,,,operate or control a vehicle,drive a car or bus
drive,5,,cause someone or something to move by driving,She drove me to school every day,We drove the car to the garage
drive,5,,have certain properties when driven,This car rides smoothly,My new truck drives well
drown,5,,"die from being submerged in water, getting water into the lungs, and asphyxiating",The child drowned in the lake,
eagle,5,,,shoot two strokes under par,She eagled the hole
elate,5,,fill with high spirits,fill with optimism,Music can uplift your spirits
elude,5,,"escape, either physically or mentally",The thief eluded the police,This difficult idea seems to evade her
elude,5,,be incomprehensible to,escape understanding by,What you are seeing in him eludes me
empty,5,,make void or empty of contents,Empty the box,The alarm emptied the building
enact,5,,act out,represent or perform as if in a play,She reenacted what had happened earlier that day
enjoy,5,,derive or receive pleasure from,get enjoyment from,take pleasure in
enjoy,5,,have for one's benefit,The industry enjoyed a boom,
enter,5,,become a participant,be involved in,enter a race
equal,5,,"make equal, uniform, corresponding, or matching",let's equalize the duties among all employees in this office,The company matched the discount policy of its competitors
equal,5,touch | rival,be equal to in quality or ability,Nothing can rival cotton for durability,Your performance doesn't even touch that of your colleagues
erase,5,,,wipe out digitally or magnetically recorded information,Who erased the files from my hard disk?
erupt,5,irrupt | flare up,erupt or intensify suddenly,Unrest erupted in the country,Tempers flared at the meeting
erupt,5,recrudesce,become raw or open,He broke out in hives,My skin breaks out when I eat strawberries
erupt,5,,start to burn or burst into flames,Marsh gases ignited suddenly,The oily rags combusted spontaneously
evert,5,,turn inside out,turn the inner surface of outward,evert the eyelid
exist,5,survive,support oneself,he could barely exist on such a low wage,Can you live on $2000 a month in New York City?
expel,5,,force to leave or move out,He was expelled from his native country,
faint,5,,"pass out from weakness, physical or emotional distress due to a loss of blood supply to the brain",,
farce,5,,,fill with a stuffing while cooking,Have you stuffed the turkey yet?
feign,5,,make believe with the intent to deceive,He feigned that he was ill,He shammed a headache
fetch,5,,be sold for a certain price,"The painting brought ,",The old print fetched a high price at the auction
field,5,,answer adequately or successfully,The lawyer fielded all questions from the press,
fight,5,oppose | fight back,fight against or resist strongly,The senator said he would oppose the bill,Don't fight it!
fight,5,,make a strenuous or labored effort,She struggled for years to survive without welfare,He fought for breath
flail,5,thresh |,move like a flail,thresh about,Her arms were flailing
float,5,,convert from a fixed point notation to a floating point notation,float data,
float,5,,,make the surface of level or smooth,float the plaster
float,5,,set afloat,He floated the logs down the river,The boy floated his toy boat on the pond
float,5,,be in motion due to some air or water current,The leaves were blowing in the wind,the boat drifted on the lake
float,5,,circulate or discuss tentatively,test the waters with,The Republicans are floating the idea of a tax reform
flood,5,,"cover with liquid, usually water",The swollen river flooded the village,The broken vein had flooded blood in her eyes
flood,5,,supply with an excess of,flood the market with tennis shoes,Glut the country with cheap imports from the Orient
flour,5,,,cover with flour,flour fish or meat before frying it
flush,5,scour,"rinse, clean, or empty with a liquid",flush the wound with antibiotics,purge the old gas tank
foist,5,,to force onto another,He foisted his work on me,
force,5,,"impose urgently, importunately, or inexorably",She forced her diet fads on him,
force,5,,do forcibly,exert force,Don't force it!
force,5,drive,"force into or from an action or state, either physically or metaphorically",She rammed her mind into focus,He drives me mad
forge,5,fake,make a copy of with the intent to deceive,he faked the signature,they counterfeited dollar bills
forge,5,,create by hammering,hammer the silver into a bowl,forge a pair of tongues
frame,5,,formulate in a particular style or language,I wouldn't put it that way,She cast her request in very polite language
frisk,5,,search as for concealed weapons by running the hands rapidly over the clothing and through the pockets,The police frisked everyone at the airport,
frock,5,,put a frock on,,
front,5,,"be oriented in a certain direction, often with respect to another reference point",be opposite to,The house looks north
frost,5,,cover with frost,ice crystals frosted the glass,
frost,5,,provide with a rough or speckled surface or appearance,frost the glass,she frosts her hair
frost,5,,,decorate with frosting,frost a cake
fudge,5,,"tamper, with the purpose of deception",Fudge the figures,cook the books
get c,5,,overcome or destroy,The ice storm got my hibiscus,the cat got the goldfish
get d,5,,,purchase,What did you get at the toy store?
get e,5,,acquire as a result of some effort or action,You cannot get water out of a stone,Where did she get these news?
ghost,5,,,write for someone else,How many books have you ghostwritten so far?
glaze,5,,coat with a glaze,the potter glazed the dishes,glaze the bread with eggwhite
go by,5,,be called,go by a certain name,She goes by her maiden name again
go on,5,,"start running, functioning, or operating",the lights went on,the computer came up
gorge,5,,overeat or eat immodestly,make a pig of oneself,She stuffed herself at the dinner
grade,5,score | mark,"assign a grade or rank to, according to one's evaluation",grade tests,score the SAT essays
grant,5,give b,"bestow, especially officially",grant a degree,give a divorce
grass,5,grass over,cover with grass,,
grass,5,,cover with grass,The owners decided to grass their property,
grate,5,,reduce to small shreds or pulverize by rubbing against a rough or sharp perforated surface,grate carrots and onions,grate nutmeg
grill,5,,,cook over or under a grill,grill the sausages
grind,5,,reduce to small pieces or particles by pounding or abrading,grind the spices in a mortar,mash the garlic
groak,5,,look or stare at longingly,The dog was groaking his master who was eating a sausage,
groan,5,,"indicate pain, discomfort, or displeasure",The students groaned when the professor got out the exam booklets,The ancient door soughed when opened
groin,5,,,build with groins,The ceiling was groined
guard,5,,watch over or shield from danger or harm,protect,guard my possessions while I'm away
guard,5,,take precautions in order to avoid some unwanted consequence,guard against becoming too friendly with the staff,guard against infection
guess,5,infer |,guess correctly,solve by guessing,He guessed the right number of beans in the jar and won the prize
guess,5,,"put forward, of a guess, in spite of possible refutation",I am guessing that the price of real estate will rise again,I cannot pretend to say that you are wrong
guide,5,,"pass over, across, or through",He ran his eyes over her body,She ran her fingers along the carved figurine
halve,5,,,divide by two,divide into halves
haunt,5,,haunt like a ghost,pursue,Fear of illness haunts her
haunt,5,,follow stealthily or recur constantly and spontaneously to,her ex-boyfriend stalked her,the ghost of her mother haunted her
heave,5,,"bend out of shape, as under pressure or from heat",The highway buckled during the heat wave,
hedge,5,,minimize loss or risk,diversify your financial portfolio to hedge price risks,hedge your bets
hedge,5,,"avoid or try to avoid fulfilling, answering, or performing (duties, questions, or issues)",He dodged the issue,she skirted the problem
hoist,5,run up,raise,hoist the flags,hoist a sail
honor,5,,bestow honor or rewards upon,Today we honor our soldiers,The scout was rewarded for courageous action
hound,5,,pursue or chase relentlessly,The hunters traced the deer into the woods,the detectives hounded the suspect until they found him
hover,5,linger |,move to and fro,The shy student lingered in the corner,
hover,5,,be undecided about something,waver between conflicting positions or courses of action,He oscillates between accepting the new position and retirement
incur,5,,make oneself subject to,bring upon oneself,become liable to
index,5,,,provide with an index,index the book
inure,5,,cause to accept or become hardened to,habituate,He was inured to the cold
issue,5,,come out of,Water issued from the hole in the wall,The words seemed to come out by themselves
issue,5,,circulate or distribute or equip with,issue a new uniform to the children,supply blankets for the beds
joint,5,,,provide with a joint,the carpenter jointed two pieces of wood
judge,5,adjudicate | try |,put on trial or hear a case and sit as the judge at the trial of,The football star was tried for the murder of his wife,The judge tried both father and son in separate trials
kayak,5,,,travel in a small canoe,we kayaked down the river
knead,5,,make uniform,knead dough,work the clay until it is soft
knell,5,,ring as in announcing death,,
knock,5,criticize,find fault with,express criticism of,point out real or perceived flaws
knock,5,,rap with the knuckles,knock on the door,
label,5,,assign a label to,designate with a label,These students were labelled `learning disabled'
labor,5,,work hard,She was digging away at her math homework,Lexicographers drudge all day long
lapse,5,,"drop to a lower level, as in one's morals or standards",,
learn,5,,gain knowledge or skills,She learned dancing from her sister,I learned Sanskrit
learn,5,hear,"get to know or become aware of, usually accidentally",I learned that she has two grown-up children,I see that you have been promoted
lease,5,,engage for service under a term of contract,We took an apartment on a quiet street,Let's rent a car
leave,5,leave alone,leave unchanged or undisturbed or refrain from taking,leave it as is,leave the young fawn alone
leave,5,leave behind,be survived by after one's death,He left six children,"At her death, she left behind her husband and 11 cats"
leave,5,,"go and leave behind, either intentionally or by neglect or forgetfulness",She left a mess when she moved out,His good luck finally left him
leave,5,go forth,go away from a place,At what time does your train leave?,She didn't leave until midnight
leave,5,,remove oneself from an association with or participation in,She wants to leave,The teenager left home
leave,5,,produce as a result or residue,The water left a mark on the silk dress,Her blood left a stain on the napkin
leave,5,allow for,make a possibility or provide opportunity for,permit to be attainable or cause to remain,This leaves no room for improvement
leave,5,,act or be so as to become in a specified state,The inflation left them penniless,The president's remarks left us speechless
leave,5,,have left or have as a remainder,That left the four of us,19 minus 8 leaves 11
level,5,,talk frankly with,lay it on the line,I have to level with you
limit,5,,restrict or confine within limits,I limit you to two visits to the pub a day,please confine your questions to the topic
lodge,5,,"put, fix, force, or implant",lodge a bullet in the table,stick your thumb in the crack
lodge,5,,be a lodger,stay temporarily,Where are you lodging in Paris?
lower,5,lour |,set lower,lower a rating,lower expectations
march,5,,"walk fast, with regular or measured steps",walk with a stride,He marched into the classroom and announced the exam
marry,5,wed | tie,perform a marriage ceremony,The minister married us on Saturday,We were wed the following week
match,5,mate | couple | pair | twin,"bring two objects, ideas, or people together",This fact is coupled to the other one,"Matchmaker, can you match my daughter with a nice young man?"
match,5,,"be compatible, similar or consistent",coincide in their characteristics,The two stories don't agree in many details
model,5,,,"form in clay, wax, etc",model a head with clay
model,5,pose,,assume a posture as for artistic purposes,We don't know the woman who posed for Leonardo so often
mount,5,put on,prepare and supply with the necessary equipment for execution or performance,mount a theater production,mount an attack
mouth,5,,articulate silently,form words with the lips only,She mouthed a swear word
nurse,5,,,"try to cure by special care of treatment, of an illness or injury",He nursed his cold with Chinese herbs
nurse,5,,treat carefully,He nursed his injured back by lying in bed several hours every afternoon,He nursed the flowers in his garden and fertilized them regularly
occur,5,,come to one's mind,suggest itself,It occurred to me that we should hire another secretary
occur,5,,to be found to exist,sexism occurs in many workplaces,precious stones occur in a large area in Brazil
offer,5,,"make available or accessible, provide or furnish",The conference center offers a health spa,The hotel offers private meeting rooms
offer,5,extend |,offer verbally,extend my greetings,He offered his sympathy
offer,5,bid,,propose a payment,The Swiss dealer offered $2 million for the painting
opine,5,,express one's opinion openly and without fear or hesitation,John spoke up at the meeting,
order,5,,make a request for something,Order me some flowers,order a work stoppage
order,5,tell | enjoin,give instructions to or direct somebody to do something with authority,I said to him to go home,She ordered him to do the shopping
order,5,prescribe,issue commands or orders for,,
paint,5,,apply paint to,coat with paint,We painted the rooms yellow
paint,5,,,make a painting of,He painted his mistress many times
paint,5,,,make a painting,he painted all day in the garden
parse,5,,,analyze syntactically by assigning a constituent structure to (a sentence),
paste,5,,hit with the fists,He pasted his opponent,
patch,5,,provide with a patch,also used metaphorically,The field was patched with snow
pause,5,intermit,cease an action temporarily,We pause for station identification,let's break for lunch
pay e,5,,discharge or settle,pay a debt,pay an obligation
pinch,5,,"irritate as if by a nip, pinch, or tear",smooth surfaces can vellicate the teeth,the pain is as if sharp points pinch your back
pinch,5,,squeeze tightly between the fingers,He pinched her behind,She squeezed the bottle
pivot,5,,turn on a pivot,,
place,5,come in,take a place in a competition,often followed by an ordinal,Jerry came in third in the Marathon
place,5,,to arrange for,place a phone call,place a bet
place,5,,place somebody in a particular situation or location,he was placed on probation,
plank,5,,cook and serve on a plank,Planked vegetable,Planked shad
plank,5,flump,set (something or oneself) down with or as if with a noise,He planked the money on the table,He planked himself into the sofa
plant,5,,place something or someone in a certain position in order to secretly observe or deceive,Plant a spy in Moscow,plant bugs in the dissident's apartment
plant,5,,,place into a river,plant fish
plead,5,,,"enter a plea, as in courts of law",She pleaded not guilty
plead,5,,,"make an allegation in an action or other legal proceeding, especially answer the previous pleading of the other party by denying facts therein stated or by alleging new facts",
pluck,5,pull | tear | deplume,strip of feathers,pull a chicken,pluck the capon
plumb,5,,examine thoroughly and in great depth,,
plume,5,,form a plume,The chimneys were pluming the sky,The engine was pluming black smoke
poise,5,balance,hold or carry in equilibrium,,
poise,5,,cause to be balanced or suspended,,
prang,5,,,,c 02694015 n 0000 01 + 08 00 | crash
press,5,,exert pressure or force to or upon,He pressed down on the boards,press your thumb on this spot
prime,5,,"insert a primer into (a gun, mine, or charge) preparatory to detonation or firing",prime a cannon,prime a mine
prink,5,,dress very carefully and in a finicky manner,,
print,5,publish |,put into print,The newspaper published the news of the royal couple's divorce,These news should not be printed
prove,5,,"establish the validity of something, as by an example, explanation or experiment",The experiment demonstrated the instability of the compound,The mathematician showed the validity of the conjecture
prove,5,,,prove formally,"demonstrate by a mathematical, formal proof"
prove,5,,,obtain probate of,prove a will
prove,5,,be shown or be found to be,She proved to be right,The medicine turned out to save her life
psalm,5,,,sing or celebrate in psalms,He psalms the works of God
pulse,5,,produce or modulate (as electromagnetic waves) in the form of short bursts or pulses or cause an apparatus to produce pulses,pulse waves,a transmitter pulsed by an electronic tube
punch,5,,deliver a quick blow to,he punched me in the stomach,
puree,5,,,rub through a strainer or process in an electric blender,puree the vegetables for the baby
purge,5,,rid of impurities,purge the water,purge your mind
purse,5,,gather or contract into wrinkles or folds,pucker,purse ones's lips
put d,5,,,adapt,put these words to music
put d,5,,cause (someone) to undergo something,He put her to the torture,
quack,5,,,act as a medical quack or a charlatan,
queen,5,,,become a queen,her pawn queened
quest,5,,make a search (for),Things that die with their eyes open and questing,The animal came questing through the forest
raise,5,,raise the level or amount of something,raise my salary,raise the price of bread
raise,5,lift |,invigorate or heighten,lift my spirits,lift his ego
raise,5,,cause to be heard or known,express or utter,raise a shout
raise,5,bring up |,put forward for consideration or discussion,raise the question of promotions,bring up an unpleasant topic
raise,5,conjure,"summon into action or bring into existence, often as if by magic",raise the specter of unemployment,he conjured wild birds in the air
raise,5,erect,,"construct, build, or erect",Raise a barn
raise,5,,"create a disturbance, especially by making a great noise",raise hell,raise the roof
raise,5,,raise from a lower to a higher position,Raise your hands,Lift a load
rally,5,,return to a former condition,The jilted lover soon rallied and found new friends,The stock market rallied
range,5,,lay out orderly or logically in a line or as if in a line,lay out the clothes,lay out the arguments
range,5,,range or extend over,occupy a certain area,The plants straddle the entire state
range,5,run |,change or be different within limits,Estimates for the losses in the earthquake range as high as  billion,Interest rates run from 5 to 10 percent
range,5,,have a range,"be capable of projecting over a certain distance, as of a gun",This gun ranges over two miles
reach,5,,be in or establish communication with,Our advertisements reach millions,He never contacted his children after he emigrated to Australia
reach,5,,move forward or upward in order to touch,also in a metaphorical sense,Government reaches out to the people
reach,5,,"reach a point in time, or a certain state or level",The thermometer hit  degrees,This car can reach a speed of 140 miles per hour
reach,5,make,"reach a destination, either real or abstract",We hit Detroit by noon,The water reached the doorstep
reach,5,make | get to | progress to,reach a goal,make the first team,We made it!
reach,5,,to extend as far as,The sunlight reached the wall,Can he reach?
react,5,,,undergo a chemical reaction,react with another substance under certain conditions
refer,5,,"send or direct for treatment, information, or a decision",refer a patient to a specialist,refer a bill to a committee
refer,5,,be relevant to,There were lots of questions referring to her talk,My remark pertained to your earlier comments
relax,5,,"become less tense, rest, or take one's ease",He relaxed in the hot tub,Let's all relax after a hard day's work
repel,5,,force or drive back,repel the attacker,fight off the onslaught
repel,5,,cause to move back by force or influence,repel the enemy,push back the urge to smoke
revel,5,,"celebrate noisily, often indulging in drinking",engage in uproarious festivities,The members of the wedding party made merry all night
ripen,5,mature |,cause to ripen or develop fully,The sun ripens the fruit,Age matures a good wine
roast,5,,,"cook with dry heat, usually in an oven",roast the turkey
round,5,,"become round, plump, or shapely",The young woman is fleshing out,
round,5,,wind around,move along a circular course,round the bend
run b,5,,"move about freely and without restraint, or act as if running around in an uncontrolled way",who are these people running around in the building?,She runs around telling everyone of her troubles
run d,5,,"travel rapidly, by any (unspecified) means",Run to the store,"She always runs to Italy, because she has a lover there"
saute,5,,,fry briefly over high heat,saute the onions
say d,5,,state as one's opinion or judgement,declare,I say let's forget this whole business
scent,5,nose | wind,catch the scent of,get wind of,The dog nosed out the drugs
score,5,,gain points in a game,The home team scored many times,He hit a home run
score,5,,get a certain number or letter indicating quality or performance,She scored high on the SAT,He scored a 200
scour,5,,examine minutely,The police scoured the country for the fugitive,
scram,5,,leave immediately,used usually in the imperative form,Scram!
scull,5,,,,c 00524569 n 0000 + 04163875 n 0101 + 10585192 n 0101 + 00446670 n 0101 01 + 08 00 | propel with sculls
see b,5,,go to see for professional or business reasons,You should see a lawyer,We had to see a psychiatrist
segue,5,,proceed without interruption,in music or talk,He segued into another discourse
seize,5,clutch | get hold of,affect,Fear seized the prisoners,The patient was seized with unbearable pains
seize,5,,take hold of,grab,The sales clerk quickly seized the money on the counter
seize,5,,take or capture by force,The terrorists seized the politicians,The rebels threaten to seize civilian hostages
sense,5,,comprehend,I sensed the real meaning of his letter,
sense,5,,detect some circumstance or entity automatically,This robot can sense the presence of people in the room,particle detectors sense ionization
serve,5,,,put the ball into play,It was Agassi's turn to serve
serve,5,,do duty or hold offices,serve in a specific function,He served as head of the department for three years
serve,5,,provide (usually but not necessarily food),We serve meals for the homeless,She dished out the soup at 8 P.M.
serve,5,help,help to some food,help with food or drink,"I served him three times, and after that he helped himself"
serve,5,attend to | wait on,work for or be a servant to,May I serve you?,She attends the old lady in the wheelchair
serve,5,,"devote (part of) one's life or efforts to, as of countries, institutions, or ideas",She served the art of music,He served the church
serve,5,serve well,"promote, benefit, or be useful or beneficial to",Art serves commerce,Their interests are served
serve,5,function c,"serve a purpose, role, or function",The tree stump serves as a table,The female students served as a control group
shade,5,,"protect from light, heat, or view",Shade your eyes when you step out into the bright sunlight,
shake,5,,move with or as if with a tremor,his hands shook,
shake,5,,undermine or cause to waver,my faith has been shaken,The bad news shook her hopes
shake,5,,bring to a specified condition by or as if by shaking,He was shaken from his dreams,shake the salt out of the salt shaker
shake,5,,"shake (a body part) to communicate a greeting, feeling, or cognitive state",shake one's head,She shook her finger at the naughty students
shake,5,,move or cause to move back and forth,The chemist shook the flask vigorously,My hands were shaking
shape,5,,give shape or form to,shape the dough,form the young child's character
shape,5,,"make something, usually for a specific function",She molded the rice balls carefully,Form cylinders from the dough
share,5,,have in common,Our children share a love of music,The two countries share a long border
shear,5,,,become deformed by forces tending to produce a shearing strain,
shell,5,,remove from its shell or outer covering,shell the legumes,shell mussels
shell,5,,look for and collect shells by the seashore,,
shell,5,,hit the pitches of hard and regularly,He shelled the pitcher for eight runs in the first inning,
shift,5,,move from one setting or context to another,shift the emphasis,shift one's attention
shine,5,,emit light,"be bright, as of the sun or a light",The sun shone bright that day
shirr,5,,,bake (eggs) in their shells until they are set,shirr the eggs
shirt,5,,put a shirt on,,
shlep,5,,"pull along heavily, like a heavy load against a resistance",Can you shlep this bag of potatoes upstairs?,She pulled along a large trunk
shock,5,floor,surprise greatly,knock someone's socks off,I was floored when I heard that I was promoted
shoot,5,,"produce buds, branches, or germinate",the potatoes sprouted,
shoot,5,,measure the altitude of by using a sextant,shoot a star,
shoot,5,,,score,shoot a basket
shoot,5,,throw or propel in a specific direction or towards a specific objective,shoot craps,shoot a golf ball
shout,5,,utter in a loud voice,talk in a loud voice (usually denoting characteristic manner of speaking),My grandmother is hard of hearing--you'll have to shout
shout,5,shout out,utter a sudden loud cry,she cried with pain when the doctor inserted the needle,I yelled to her from the window but she couldn't hear me
skate,5,,,move along on skates,The Dutch often skate along the canals in winter
skirt,5,,pass around or about,move along the border,The boat skirted the coast
slack,5,slacken | slack up,make less active or fast,He slackened his pace as he got tired,Don't relax your efforts now
slate,5,,designate or schedule,He slated his talk for  AM,She was slated to be his successor
sleep,5,,be asleep,,
sling,5,,hold or carry in a sling,he cannot button his shirt with his slinged arm,
slump,5,,fall heavily or suddenly,decline markedly,The real estate market fell off
slump,5,,fall or sink heavily,He slumped onto the couch,My spirits sank
smack,5,thwack,deliver a hard blow to,The teacher smacked the student who had misbehaved,
smell,5,,become aware of not through the senses but instinctively,I sense his hostility,I smell trouble
smite,5,,affect suddenly with deep feeling,He was smitten with love for this young girl,
smoke,5,,"inhale and exhale smoke from cigarettes, cigars, pipes",We never smoked marijuana,Do you smoke?
sneak,5,,"put, bring, or take in a secretive or furtive manner",sneak a look,sneak a cigarette
sniff,5,,inhale audibly through the nose,the sick student was sniffling in the back row,
snore,5,,breathe noisily during one's sleep,she complained that her husband snores,
snort,5,,make a snorting sound by exhaling hard,The critic snorted contemptuously,
solve,5,,find the solution to (a problem or question) or understand the meaning of,did you solve the problem?,Work out your problems with the boss
sound,5,,make a certain noise or sound,She went `Mmmmm',The gun went `bang'
sound,5,,cause to sound,sound the bell,sound a certain note
souse,5,,,cook in a marinade,souse herring
spang,5,,,"u           leap, jerk, bang",Bullets spanged into the trees
spawn,5,,lay spawn,The salmon swims upstream to spawn,
speak,5,talk |,use language,the baby talks already,the prisoner won't speak
spear,5,,thrust up like a spear,The branch speared up into the air,
spell,5,,orally recite the letters of or give the spelling of,How do you spell this word?,We had to spell out our names for the police officer
spike,5,,,add alcohol to (beverages),the punch is spiked!
spill,5,,reveal information,"If you don't oblige me, I'll talk",The former employee spilled all the details
spill,5,shed | pour forth,pour out in drops or small quantities or as if in drops or small quantities,shed tears,spill blood
spill,5,slop,cause or allow (a liquid substance) to run or flow from a container,spill the milk,splatter water
spill,5,,"flow, run or fall out and become lost",The milk spilled across the floor,The wine spilled onto the table
splat,5,,,split open and flatten for cooking,splat fish over an open fire
splay,5,,spread open or apart,He splayed his huge hands over the table,
spray,5,,scatter in a mass or jet of droplets,spray water on someone,spray paint on the wall
squat,5,,sit on one's heels,"In some cultures, the women give birth while squatting",The children hunkered down to protect themselves from the sandstorm
stack,5,,arrange in stacks,heap firewood around the fireplace,stack your books up on the shelves
stage,5,,,"perform (a play), especially on a stage",we are going to stage `Othello'
stain,5,,color with a liquid dye or tint,Stain this table a beautiful walnut color,people knew how to stain glass a beautiful blue in the middle ages
stall,5,,,come to a stop,The car stalled in the driveway
stall,5,,cause an engine to stop,The inexperienced driver kept stalling the car,
stall,5,,,cause an airplane to go into a stall,
stall,5,,,"experience a stall in flight, of airplanes",
stamp,5,,destroy or extinguish as if by stamping with the foot,Stamp fascism into submission,stamp out tyranny
stand,5,,be standing,be upright,We had to stand for the entire performance!
stand,5,,hold one's ground,maintain a position,be steadfast or upright
stand,5,,be tall,have a height of,copula
stand,5,,be in effect,be or remain in force,The law stands!
start,5,start up,get off the ground,Who started this company?,We embarked on an exciting enterprise
start,5,start up,get going or set in motion,We simply could not start the engine,start up the computer
start,5,,begin or set in motion,I start at eight in the morning,"Ready, set, go!"
start,5,,"begin work or acting in a certain capacity, office or job",Take up a position,start a new job
state,5,,express in words,He said that he wanted to marry her,tell me what is bothering you
steal,5,,take without the owner's consent,Someone stole my wallet on the train,This author stole entire paragraphs from my dissertation
steam,5,,,cook something by letting steam pass over it,just steam the vegetables
steep,5,,let sit in a liquid to extract a flavor or to cleanse,steep the blossoms in oil,steep the fruit in alcohol
stick,5,,saddle with something disagreeable or disadvantageous,They stuck me with the dinner bill,I was stung with a huge tax bill
still,5,allay,lessen the intensity of or calm,The news eased my conscience,still the fears
stock,5,buy in,,amass so as to keep for future use or sale or for a particular occasion or use,let's stock coffee as long as prices are low
stock,5,,,supply with livestock,stock a farm
stock,5,,,supply with fish,stock a lake
stoop,5,,"carry oneself, often habitually, with head, shoulders, and upper back bent forward",The old man was stooping but he could walk around without a cane,
store,5,,keep or lay aside for future use,store grain for the winter,The bear stores fat for the period of hibernation when he doesn't eat
store,5,,find a place for and put away for storage,where should we stow the vegetables?,I couldn't store all the books in the attic so I sold some
storm,5,,blow hard,It was storming all night,
storm,5,,"rain, hail, or snow hard and be very windy, often with thunder or lightning","If it storms, we'll need shelter",
stray,5,,wander from a direct course or at random,The child strayed from the path and her parents lost sight of her,don't drift from the set course
strew,5,,cover,be dispersed over,Dead bodies strewed the ground
study,5,hit the books,learn by reading books,He is studying geology in his room,I have an exam next week; I must hit the books now
study,5,,be a student,follow a course of study,be enrolled at an institute of learning
study,5,,give careful consideration to,consider the possibility of moving,
stuff,5,lug | choke up,obstruct,My nose is all stuffed,Her arteries are blocked
style,5,,,make consistent with a certain fashion or style,Style my hair
surge,5,,,see one's performance improve,He levelled the score and then surged ahead
swamp,5,,drench or submerge or be drenched or submerged,The tsunami swamped every boat in the harbor,
sweep,5,,sweep with a broom or as if with a broom,Sweep the crumbs off the table,Sweep under the bed
sweep,5,,"move with sweeping, effortless, gliding motions",The diva swept into the room,Shreds of paper sailed through the air
swing,5,,alternate dramatically between high and low values,his mood swings,the market is swinging up and down
swing,5,,change direction with a swinging motion,turn,swing back
swing,5,,"move in a curve or arc, usually with the intent of hitting",He swung his left fist,swing a bat
teach,5,,impart skills or knowledge to,I taught them French,He instructed me in building a boat
tease,5,,harass with persistent criticism or carping,The children teased the new teacher,Don't ride me so hard over my failure
tease,5,,"to arouse hope, desire, or curiosity without satisfying them",The advertisement is intended to tease the customers,She has a way of teasing men with her flirtatious behavior
tense,5,,increase the tension on,alternately relax and tense your calf muscle,tense the rope manually before tensing the spring
think,5,opine | suppose,"expect, believe, or suppose",I imagine she earned a lot of money with her new novel,I thought to find her in a bad state
think,5,believe | consider | conceive,judge or regard,look upon,judge
think,5,,focus one's attention on a certain state,Think big,think thin
think,5,,imagine or visualize,Just think--you could be rich one day,Think what a scene it must have been!
throb,5,,pulsate or pound with abnormal force,my head is throbbing,Her heart was throbbing
throw,5,thrust |,place or put with great energy,She threw the blanket around the child,thrust the money in the hands of the beggar
throw,5,flip | switch,cause to go on or to be engaged or set in operation,switch on the light,throw the lever
throw,5,,"to put into a state or activity hastily, suddenly, or carelessly",Jane threw dinner together,throw the car into reverse
thump,5,,"hit hard with the hand, fist, or some heavy instrument",the salesman pounded the door knocker,a bible-thumping Southern Baptist
tithe,5,,pay one tenth of,"pay tithes on, especially to the church",He tithed his income to the Church
toast,5,,propose a toast to,Let us toast the birthday girl,Let's drink to the New Year
total,5,,damage beyond the point of repair,My son totaled our new car,the rock star totals his guitar at every concert
total,5,,add up in number or quantity,"The bills amounted to ,","The bill came to $2,000"
touch,5,adjoin | meet,be in direct physical contact with,make contact,The two buildings touch
touch,5,,"make physical contact with, come in contact with",Touch the stone for good luck,She never touched her husband
touch,5,,cause to be in brief contact with,He touched his toes to the horse's flanks,
touch,5,disturb,tamper with,Don't touch my CDs,
touch,5,,affect emotionally,A stirring movie,I was touched by your kind letter of sympathy
touch,5,,deal with,usually used with a form of negation,I wouldn't touch her with a ten-foot pole
trace,5,,"follow, discover, or ascertain the course of development of something",We must follow closely the economic development is Cuba,trace the student's progress
trace,5,,make a mark or lines on a surface,draw a line,trace the outline of a figure in the sand
trace,5,,copy by following the lines of the original drawing on a transparent sheet placed upon it,make a tracing of,trace a design
trace,5,,make one's course or travel along a path,"travel or pass over, around, or along",The children traced along the edge of the dark forest
trace,5,retrace,to go back over again,we retraced the route we took last summer,trace your path
trade,5,,,turn in as payment or part payment for a purchase,trade in an old car for a new one
trade,5,merchandise,,engage in the trade of,he is merchandising telephone sets
trade,5,,,be traded at a certain price or under certain conditions,The stock traded around $20 a share
trail,5,train |,drag loosely along a surface,allow to sweep the ground,The toddler was trailing his pants
trail,5,shack,"move, proceed, or walk draggingly or slowly",John trailed behind his class mates,The Mercedes trailed behind the horse cart
train,5,,"undergo training or instruction in preparation for a particular role, function, or profession",She is training to be a teacher,He trained as a legal aid
train,5,develop,create by training and teaching,The old master is training world-class violinists,we develop the leaders for the future
train,5,,travel by rail or train,They railed from Rome to Venice,She trained to Hamburg
tramp,5,,,"travel on foot, especially on a walking expedition",We went tramping about the state of Colorado
trash,5,,dispose of (something useless or old),trash these old chairs,junk an old car
treat,5,,provide treatment for,The doctor treated my broken leg,The nurses cared for the bomb victims
treat,5,,provide with a gift or entertainment,Grandmother always treated us to the circus,I like to treat myself to a day at a spa when I am depressed
treat,5,,interact in a certain way,Do right by her,"Treat him with caution, please"
troll,5,,"circulate, move around",,
truss,5,,support structurally,truss the roofs,trussed bridges
trust,5,,,,u 07087487 n 0000 01 + 09 00 | (chiefly archaic) extend credit to
tutor,5,,be a tutor to someone,give individual instruction,She tutored me in Spanish
twist,5,,twist suddenly so as to sprain,wrench one's ankle,The wrestler twisted his shoulder
twist,5,,practice sophistry,change the meaning of or be vague about in order to mislead or deceive,Don't twist my words
unify,5,,become one,Germany unified officially in,the cells merge
untie,5,undo | loosen |,cause to become loose,undo the shoelace,untie the knot
use e,5,,seek or achieve an end by using to one's advantage,She uses her influential friends to get jobs,The president's wife used her good connections
utter,5,emit,express audibly,utter sounds (not necessarily words),She let out a big heavy sigh
utter,5,,put into circulation,utter counterfeit currency,
value,5,,fix or determine the value of,assign a value to,value the jewelry and art work in the estate
verge,5,,border on,come close to,His behavior verges on the criminal
verse,5,,,compose verses or put into verse,He versified the ancient saga
visit,5,inspect,come to see in an official or professional capacity,The governor visited the prison,The grant administrator visited the laboratory
vomit,5,,eject the contents of the stomach through the mouth,"After drinking too much, the students vomited",He purged continuously
vouch,5,,give personal assurance,guarantee,Will he vouch for me?
waive,5,,do without or cease to hold or adhere to,We are dispensing with formalities,relinquish the old ideas
waste,5,,use inefficiently or inappropriately,waste heat,waste a joke on an unappreciative audience
waste,5,,spend thoughtlessly,throw away,He wasted his inheritance on his insincere friends
watch,5,look on,observe with attention,They watched as the murderer was executed,
watch,5,,observe or determine by looking,Watch how the dog chases the cats away,
watch,5,view | see | catch | take in |,see or watch,view a show on television,This program will be seen all over the world
watch,5,,follow with the eyes or the mind,"Keep an eye on the baby, please",The world is watching Sarajevo
water,5,,"secrete or form water, as tears or saliva",My mouth watered at the prospect of a good dinner,His eyes watered
weave,5,,,"create a piece of cloth by interlacing strands of fabric, such as wool or cotton",tissue textiles
weave,5,,"to move or cause to move in a sinuous, spiral, or circular course",the river winds through the hills,the path meanders through the vineyards
wedel,5,,"ski, alternating directions",,
weigh,5,press |,to be oppressive or burdensome,weigh heavily on the mind,Something pressed on his mind
whang,5,,beat with force,,
wheel,5,,change directions as if revolving on a pivot,They wheeled their horses around and left,
wheel,5,wheel around |,wheel somebody or something,,
whiff,5,,drive or carry as if by a puff of air,The gust of air whiffed away the clouds,
whine,5,,"make a high-pitched, screeching noise",The door creaked when I opened it slowly,My car engine makes a whining noise
whirl,5,tumble | whirl around,fly around,The clothes tumbled in the dryer,rising smoke whirled in the air
whisk,5,,,^           whip with or as if with a wire whisk,whisk the eggs
whizz,5,,make a soft swishing sound,the motor whirred,the car engine purred
widen,5,broaden | extend |,extend in scope or range or area,The law was extended to all citizens,widen the range of applications
widow,5,,cause to be without a spouse,The war widowed many women in the former Yugoslavia,
wield,5,,handle effectively,The burglar wielded an axe,The young violinist didn't manage her bow very well
wince,5,,make a face indicating disgust or dislike,She winced when she heard his pompous speech,
worry,5,vex |,disturb the peace of mind of,afflict with mental agitation or distress,I cannot sleep--my daughter's health is worrying me
worry,5,,"be worried, concerned, anxious, troubled, or uneasy",I worry about my job,
wrest,5,,"obtain by seizing forcibly or violently, also metaphorically",wrest the knife from his hands,wrest a meaning from the old text
write,5,save |,,record data on a computer,boot-up instructions are written on the hard disk
write,5,,mark or trace on a surface,The artist wrote Chinese characters on a big piece of white paper,Russian is written with the Cyrillic alphabet
write,5,,,^                                                              produce a literary work,She composed a poem
x-ray,5,,,take an x-ray of something or somebody,The doctor x-rayed my chest
yield,5,,,c                          bring in,interest-bearing accounts
yield,5,give | afford,be the cause or source of,He gave me a lot of trouble,Our meeting afforded much interesting information
yodel,5,,sing by changing register,sing by yodeling,The Austrians were yodeling in the mountains
